<?xml version="1.0" encoding="UTF-8"?>
<project-private xmlns="http://www.netbeans.org/ns/project-private/1">
    <editor-bookmarks xmlns="http://www.netbeans.org/ns/editor-bookmarks/2" lastBookmarkId="0"/>
    <open-files xmlns="http://www.netbeans.org/ns/projectui-open-files/2">
        <group>
            <file>file:/C:/Users/ARIF/Documents/NetBeansProjects/LatihanPBO/src/bangun2D/SegitigaSamaSisi.java</file>
            <file>file:/C:/Users/ARIF/Documents/NetBeansProjects/LatihanPBO/src/bangun2D/SegitigaSiku.java</file>
            <file>file:/C:/Users/ARIF/Documents/NetBeansProjects/LatihanPBO/src/bangun3D/Tabung.java</file>
            <file>file:/C:/Users/ARIF/Documents/NetBeansProjects/LatihanPBO/src/bangun2D/Segitiga.java</file>
            <file>file:/C:/Users/ARIF/Documents/NetBeansProjects/LatihanPBO/src/bangun2D/SegitigaSamaKaki.java</file>
            <file>file:/C:/Users/ARIF/Documents/NetBeansProjects/LatihanPBO/src/bangun3D/PrismaSegitiga.java</file>
            <file>file:/C:/Users/ARIF/Documents/NetBeansProjects/LatihanPBO/src/bangun3D/Limas.java</file>
            <file>file:/C:/Users/ARIF/Documents/NetBeansProjects/LatihanPBO/src/bangun3D/NewMain.java</file>
        </group>
    </open-files>
</project-private>
